8341,Adlešiči,"",Slovenija,45.52231829999999,15.3114212
5270,Ajdovščina,"",Slovenija,45.8869025,13.909914
6280,Ankaran - Ancarano,"",Slovenija,45.5828081,13.7502117
9253,Apače,"",Slovenija,46.6975886,15.90981
8253,Artiče,"",Slovenija,45.9531087,15.583825000000001
4275,Begunje na Gorenjskem,"",Slovenija,46.376736,14.2020202
1382,Begunje pri Cerknici,"",Slovenija,45.8175793,14.3827637
9231,Beltinci,"",Slovenija,46.60791529999999,16.2365127
2234,Benedikt,"",Slovenija,46.6075732,15.8896942
2345,Bistrica ob Dravi,"",Slovenija,46.55387469999999,15.5512543
3256,Bistrica ob Sotli,"",Slovenija,46.0565579,15.6625947
8259,Bizeljsko,"",Slovenija,46.0151319,15.6927763
1223,Blagovica,"",Slovenija,46.1762123,14.8036381
8283,Blanca,"",Slovenija,45.9924949,15.389218
4260,Bled,"",Slovenija,46.3683266,14.1145798
4273,Blejska Dobrava,"",Slovenija,46.4076964,14.0988589
9265,Bodonci,"",Slovenija,46.7502507,16.0951677
9222,Bogojina,"",Slovenija,46.67806849999999,16.2774116
4263,Bohinjska Bela,"",Slovenija,46.3406296,14.059505
4264,Bohinjska Bistrica,"",Slovenija,46.2715884,13.9564098
4265,Bohinjsko jezero,"",Slovenija,46.2840104,13.8594144
1353,Borovnica,"",Slovenija,45.9193034,14.3640682
8294,Boštanj,"",Slovenija,46.0134411,15.2816077
5230,Bovec,"",Slovenija,46.3376387,13.551683
5295,Branik,"",Slovenija,45.8549946,13.7883646
3314,Braslovče,"",Slovenija,46.2880914,15.0397466
5223,Breginj,"",Slovenija,46.2629923,13.4263079
8280,Brestanica,"",Slovenija,45.9964702,15.4772571
2354,Bresternica,"",Slovenija,46.568471,15.5790793
4243,Brezje,"",Slovenija,46.3286937,14.2327319
1351,Brezovica pri Ljubljani,"",Slovenija,46.0240606,14.4174248
8250,Brežice,"",Slovenija,45.9088102,15.5964652
4210,Brnik - aerodrom,"",Slovenija,46.23102,14.454972
8321,Brusnice,"",Slovenija,45.7913044,15.2742186
3255,Buče,"",Slovenija,46.1045565,15.5801064
8276,Bučka,"",Slovenija,45.9290309,15.3178169
9261,Cankova,"",Slovenija,46.71823699999999,16.0197222
3600,Celje,"Pošta Slovenije d.o.o., PE Celje",Slovenija,46.23974949999999,15.2677063
3000,Celje,"",Slovenija,46.23974949999999,15.2677063
3001,Celje,"",Slovenija,46.25108789999999,15.2648431
4207,Cerklje na Gorenjskem,"",Slovenija,46.2531292,14.4868829
8263,Cerklje ob Krki,"",Slovenija,45.8842896,15.5198951
1380,Cerknica,"",Slovenija,45.7955099,14.3621843
5282,Cerkno,"",Slovenija,46.128954,13.9891931
2236,Cerkvenjak,"",Slovenija,46.5670711,15.9429753
2215,Ceršak,"",Slovenija,46.699017,15.6679742
2326,Cirkovce,"",Slovenija,46.3949714,15.7280994
2282,Cirkulane,"",Slovenija,46.3443632,15.9951112
5273,Col,"",Slovenija,45.8811787,14.0010502
8251,Čatež ob Savi,"",Slovenija,45.8932064,15.6212997
1413,Čemšenik,"",Slovenija,46.1799432,14.9440262
5253,Čepovan,"",Slovenija,46.0481387,13.7923636
9232,Črenšovci,"",Slovenija,46.5720029,16.2877346
2393,Črna na Koroškem,"",Slovenija,46.4703983,14.8498787
6275,Črni Kal,"",Slovenija,45.5500955,13.8784701
5274,Črni Vrh nad Idrijo,"",Slovenija,45.9401552,14.0234651
5262,Črniče,"",Slovenija,45.9082968,13.777309
8340,Črnomelj,"",Slovenija,45.57148369999999,15.1930773
6271,Dekani,"",Slovenija,45.549036,13.8125991
5210,Deskle,"",Slovenija,46.0531262,13.613736
2253,Destrnik,"",Slovenija,46.4922368,15.8777956
6215,Divača,"",Slovenija,45.68291319999999,13.9697218
1233,Dob,"",Slovenija,46.1515226,14.6280662
3224,Dobje pri Planini,"",Slovenija,46.136968,15.3941873
8257,Dobova,"",Slovenija,45.8970349,15.6601143
1423,Dobovec,"",Slovenija,46.1108182,15.0587575
5263,Dobravlje,"",Slovenija,45.8848322,13.8414774
3204,Dobrna,"",Slovenija,46.3356141,15.2259732
8211,Dobrnič,"",Slovenija,45.8762377,14.9785071
1356,Dobrova,"",Slovenija,46.0537894,14.4142209
9223,Dobrovnik - Dobronak,"",Slovenija,46.6516758,16.3429113
5212,Dobrovo v Brdih,"",Slovenija,45.9921738,13.5195904
1431,Dol pri Hrastniku,"",Slovenija,46.1411151,15.1159202
1262,Dol pri Ljubljani,"",Slovenija,46.0884386,14.6424792
1273,Dole pri Litiji,"",Slovenija,46.0296635,15.0217921
1331,Dolenja vas,"",Slovenija,45.707606,14.7545024
8350,Dolenjske Toplice,"",Slovenija,45.7558584,15.0592333
1230,Domžale,"",Slovenija,46.1419417,14.5944171
2252,Dornava,"",Slovenija,46.4356499,15.952954
5294,Dornberk,"",Slovenija,45.8882882,13.7381504
1319,Draga,"",Slovenija,45.6331187,14.6543273
8343,Dragatuš,"",Slovenija,45.5202572,15.1773408
3222,Dramlje,"",Slovenija,46.2709605,15.393211
2370,Dravograd,"",Slovenija,46.589219,15.0246021
4203,Duplje,"",Slovenija,46.3084657,14.307513
6221,Dutovlje,"",Slovenija,45.7557073,13.832726300000001
8361,Dvor,"",Slovenija,45.8082928,14.967981
2343,Fala,"",Slovenija,46.54664229999999,15.4517887
9208,Fokovci,"",Slovenija,46.7372755,16.2638864
2313,Fram,"",Slovenija,46.4542083,15.6329467
3213,Frankolovo,"",Slovenija,46.3271164,15.3159769
1274,Gabrovka,"",Slovenija,46.0000203,14.987068
8254,Globoko,"",Slovenija,45.9549606,15.634387
5275,Godovič,"",Slovenija,45.9575215,14.092265
4204,Golnik,"",Slovenija,46.3269968,14.3332684
3303,Gomilsko,"",Slovenija,46.25284370000001,15.0432137
4224,Gorenja vas,"",Slovenija,46.1057691,14.1437462
3263,Gorica pri Slivnici,"",Slovenija,46.1871579,15.4310401
2272,Gorišnica,"",Slovenija,46.4120271,16.0133089
9250,Gornja Radgona,"",Slovenija,46.6767099,15.9910846
3342,Gornji Grad,"",Slovenija,46.2961712,14.8062347
4282,Gozd Martuljek,"",Slovenija,46.4854261,13.8453866
6272,Gračišče,"",Slovenija,45.50495979999999,13.8779401
9264,Grad,"",Slovenija,46.801689,16.0924382
8332,Gradac,"",Slovenija,45.6140414,15.2453954
1384,Grahovo,"",Slovenija,45.7704239,14.4241515
5242,Grahovo ob Bači,"",Slovenija,46.1570863,13.8656231
5251,Grgar,"",Slovenija,46.0003226,13.6746556
3302,Griže,"",Slovenija,46.2299033,15.1538341
3231,Grobelno,"",Slovenija,46.2150556,15.4474167
1290,Grosuplje,"",Slovenija,45.9557645,14.658899
2288,Hajdina,"",Slovenija,46.4185014,15.8244722
8362,Hinje,"",Slovenija,45.7662834,14.886326799999999
2311,Hoče,"",Slovenija,46.50098329999999,15.6630694
9205,Hodoš - Hodos,"",Slovenija,46.8314134,16.321068
1354,Horjul,"",Slovenija,46.02253779999999,14.2986269
1372,Hotedršica,"",Slovenija,45.9300654,14.1399566
1430,Hrastnik,"",Slovenija,46.1417288,15.0844894
6225,Hruševje,"",Slovenija,45.7623462,14.1168294
4276,Hrušica,"",Slovenija,46.4476799,14.0197219
5280,Idrija,"",Slovenija,46.00294539999999,14.0278459
1292,Ig,"",Slovenija,45.9588213,14.5282718
6250,Ilirska Bistrica,"",Slovenija,45.570099,14.2418616
1295,Ivančna Gorica,"",Slovenija,45.9395841,14.8047626
2259,Ivanjkovci,"",Slovenija,46.46520049999999,16.151144
1411,Izlake,"",Slovenija,46.1544155,14.9301007
6310,Izola - Isola,"",Slovenija,45.5374048,13.6600802
2222,Jakobski Dol,"",Slovenija,46.6370453,15.7439998
2221,Jarenina,"",Slovenija,46.6441474,15.6934474
6254,Jelšane,"",Slovenija,45.5014663,14.2715973
4270,Jesenice,"",Slovenija,46.4367047,14.0526057
8261,Jesenice na Dolenjskem,"",Slovenija,45.8516077,15.646063
3273,Jurklošter,"",Slovenija,46.0944899,15.3439407
2223,Jurovski Dol,"",Slovenija,46.6063814,15.7861748
2256,Juršinci,"",Slovenija,46.4850899,15.9714564
5214,Kal nad Kanalom,"",Slovenija,46.0829324,13.7420302
3233,Kalobje,"",Slovenija,46.16925080000001,15.392994999999999
4246,Kamna Gorica,"",Slovenija,46.316389,14.1940129
2351,Kamnica,"",Slovenija,46.5734584,15.6125252
1241,Kamnik,"",Slovenija,46.2221964,14.6072968
5213,Kanal,"",Slovenija,46.0853803,13.634308
8258,Kapele,"",Slovenija,45.9304172,15.6773872
2362,Kapla,"",Slovenija,46.6331044,15.3814548
2325,Kidričevo,"",Slovenija,46.4050135,15.7947234
1412,Kisovec,"",Slovenija,46.1399991,14.9617162
6253,Knežak,"",Slovenija,45.6246746,14.244941
5222,Kobarid,"",Slovenija,46.2476549,13.5791749
9227,Kobilje,"",Slovenija,46.68518,16.3936719
1330,Kočevje,"",Slovenija,45.6409009,14.8633128
1338,Kočevska Reka,"",Slovenija,45.5752073,14.7999202
2276,Kog,"",Slovenija,46.4679847,16.2432205
5211,Kojsko,"",Slovenija,46.0055805,13.5753158
6223,Komen,"",Slovenija,45.81752350000001,13.7482711
1218,Komenda,"",Slovenija,46.2052815,14.5391653
6501,Koper - Capodistria,Luka Koper,Slovenija,45.5408655,13.7321774
6502,Koper - Capodistria,Banka Koper,Slovenija,45.5386398,13.7432999
6503,Koper - Capodistria,Adriatic zavarovalna družba,Slovenija,45.5386398,13.7432999
6504,Koper - Capodistria,Intereuropa Koper,Slovenija,45.5481817,13.7378312
6600,Koper - Capodistria,"Pošta Slovenije d.o.o., PE Koper",Slovenija,45.5386398,13.7432999
6000,Koper - Capodistria,"",Slovenija,45.54805899999999,13.7301877
6001,Koper - Capodistria,"",Slovenija,45.5386398,13.7432999
6200,Koper - Capodistria,"Pošta Slovenije d.o.o., PPP Koper",Slovenija,45.5386398,13.7432999
8282,Koprivnica,"",Slovenija,46.0362496,15.5405303
5296,Kostanjevica na Krasu,"",Slovenija,45.8442585,13.6413839
8311,Kostanjevica na Krki,"",Slovenija,45.8449724,15.4217164
1336,Kostel,"",Slovenija,45.5083472,14.9087946
6256,Košana,"",Slovenija,45.6650128,14.1248775
2394,Kotlje,"",Slovenija,46.5204612,14.9859969
6240,Kozina,"",Slovenija,45.60927969999999,13.9371957
3260,Kozje,"",Slovenija,46.0733211,15.5596719
4502,Kranj,Sava,Slovenija,46.2416616,14.3887868
4600,Kranj,"Pošta Slovenije d.o.o., PE Kranj",Slovenija,46.2435206,14.357088300000001
4000,Kranj,"",Slovenija,46.2435206,14.357088300000001
4001,Kranj,"",Slovenija,46.2599267,14.3675165
4200,Kranj,"Pošta Slovenije d.o.o, PPP Šenčur",Slovenija,46.2433699,14.4192223
4280,Kranjska Gora,"",Slovenija,46.4853806,13.7871083
1281,Kresnice,"",Slovenija,46.1021064,14.7853976
4294,Križe,"",Slovenija,46.339792,14.3003751
9206,Križevci,"",Slovenija,46.7923997,16.2348194
9242,Križevci pri Ljutomeru,"",Slovenija,46.56568850000001,16.1369652
1301,Krka,"",Slovenija,45.8824535,14.7811417
8296,Krmelj,"",Slovenija,45.984221,15.1866228
4245,Kropa,"",Slovenija,46.2914564,14.2042992
8262,Krška vas,"",Slovenija,45.8914158,15.5711889
8270,Krško,"",Slovenija,45.9592256,15.4950212
9263,Kuzma,"",Slovenija,46.8351038,16.08071
2318,Laporje,"",Slovenija,46.347923,15.5931981
3270,Laško,"",Slovenija,46.1542793,15.2359978
1219,Laze v Tuhinju,"",Slovenija,46.2188899,14.7603627
2230,Lenart v Slovenskih goricah,"",Slovenija,46.580849,15.835867
9220,Lendava - Lendva,"",Slovenija,46.5644783,16.453063
4248,Lesce,"",Slovenija,46.3610243,14.1593187
3261,Lesično,"",Slovenija,46.1016685,15.5193521
8273,Leskovec pri Krškem,"",Slovenija,45.9402271,15.4773182
2372,Libeliče,"",Slovenija,46.6201417,14.9477308
2341,Limbuš,"",Slovenija,46.5548251,15.5817763
1270,Litija,"",Slovenija,46.05923050000001,14.8266015
3202,Ljubečna,"",Slovenija,46.2638289,15.3197672
1000,Ljubljana,"",Slovenija,46.05645089999999,14.5080702
1001,Ljubljana,"",Slovenija,46.0835478,14.5125768
1501,Ljubljana,Ministrstvo za notranje zadeve,Slovenija,46.0553408,14.5069973
1502,Ljubljana,Ministrstvo za finance,Slovenija,46.0574219,14.5051416
1503,Ljubljana,Okrožno sodišče v Ljubljani,Slovenija,46.05486459999999,14.5067669
1505,Ljubljana,Banka Slovenije,Slovenija,46.0529439,14.5033789
1506,Ljubljana,Slovenske železnice,Slovenija,46.0564671,14.5093786
1509,Ljubljana,Delo,Slovenija,46.066593,14.5180031
1516,Ljubljana,Elektro Ljubljana,Slovenija,46.05645089999999,14.5080702
1519,Ljubljana,SPL Ljubljana,Slovenija,46.05645089999999,14.5080702
1524,Ljubljana,Carinarnica Ljubljana,Slovenija,46.05645089999999,14.5080702
1525,Ljubljana,Klinični center Ljubljana,Slovenija,46.0518735,14.5191722
1528,Ljubljana,Emona,Slovenija,46.0535559,14.5086226
1533,Ljubljana,BTC,Slovenija,46.0631655,14.5471172
1534,Ljubljana,Okrajno sodišče v Ljubljani,Slovenija,46.0530655,14.5068733
1535,Ljubljana,Ministrstvo za promet,Slovenija,46.04566790000001,14.4921051
1544,Ljubljana,Kolinska,Slovenija,46.0593633,14.5235607
1547,Ljubljana,"Telekom Slovenije, PE Ljubljana",Slovenija,46.05645089999999,14.5080702
1550,Ljubljana,RTV Slovenija,Slovenija,46.0545115,14.509500599999999
1600,Ljubljana,"Pošta Slovenije d.o.o., PE Ljubljana",Slovenija,46.05645089999999,14.5080702
1231,Ljubljana - Črnuče,"",Slovenija,46.1008309,14.5558522
1261,Ljubljana - Dobrunje,"",Slovenija,46.0311452,14.60502
1260,Ljubljana - Polje,"",Slovenija,46.0579377,14.5861291
1210,Ljubljana - Šentvid,"",Slovenija,46.1044338,14.4525971
1211,Ljubljana - Šmartno,"",Slovenija,46.1302569,14.479067
3333,Ljubno ob Savinji,"",Slovenija,46.3443125,14.8335492
9240,Ljutomer,"",Slovenija,46.5193583,16.197814
3215,Loče,"",Slovenija,46.3015304,15.4967189
5231,Log pod Mangartom,"",Slovenija,46.4033583,13.599372
1358,Log pri Brezovici,"",Slovenija,46.0082081,14.3592112
1370,Logatec,"",Slovenija,45.91708190000001,14.2285582
1434,Loka pri Zidanem Mostu,"",Slovenija,46.0558858,15.2083382
3223,Loka pri Žusmu,"",Slovenija,46.1584826,15.5149185
6219,Lokev,"",Slovenija,45.6609225,13.928096
1318,Loški Potok,"",Slovenija,45.7000578,14.6154552
2324,Lovrenc na Dravskem polju,"",Slovenija,46.3784472,15.7797278
2344,Lovrenc na Pohorju,"",Slovenija,46.54027749999999,15.3884817
3334,Luče,"",Slovenija,46.35487209999999,14.7458015
1225,Lukovica,"",Slovenija,46.1696293,14.6907259
9202,Mačkovci,"",Slovenija,46.7837147,16.1634445
2322,Majšperk,"",Slovenija,46.3503019,15.7340595
2321,Makole,"",Slovenija,46.3173644,15.6670441
9243,Mala Nedelja,"",Slovenija,46.5225347,16.0524932
2229,Malečnik,"",Slovenija,46.5557077,15.6973674
6273,Marezige,"",Slovenija,45.507682,13.8004711
2508,Maribor,Okrajno sodišče v Mariboru,Slovenija,46.5608903,15.6550339
2000,Maribor,"",Slovenija,46.5546503,15.6458812
2001,Maribor,"",Slovenija,46.5176698,15.6781169
2500,Maribor,Pošta Slovenije d.o.o.,Slovenija,46.5586958,15.6445145
2501,Maribor,Upravna enota Maribor,Slovenija,46.5546503,15.6458812
2502,Maribor,"Davčna uprava RS, izpostava Maribor",Slovenija,46.5546503,15.6458812
2503,Maribor,Okrajno in okrožno sodišče v Mariboru,Slovenija,46.5546503,15.6458812
2505,Maribor,Nova Kreditna banka Maribor,Slovenija,46.5546503,15.6458812
2507,Maribor,Zavarovalnica Maribor,Slovenija,46.56356419999999,15.6395374
2509,Maribor,Elektro Maribor,Slovenija,46.5546503,15.6458812
2600,Maribor,"Pošta Slovenije d.o.o., PE Maribor",Slovenija,46.5546503,15.6458812
2603,Maribor,"Pošta Slovenije d.o.o., Skladišče Maribor",Slovenija,46.5546503,15.6458812
2002,Maribor - poštni center,"",Slovenija,46.5586958,15.6445145
2206,Marjeta na Dravskem polju,"",Slovenija,46.4537972,15.7338139
2281,Markovci,"",Slovenija,46.3945777,15.9300492
9221,Martjanci,"",Slovenija,46.685158,16.1914651
6242,Materija,"",Slovenija,45.5803407,13.9962393
4211,Mavčiče,"",Slovenija,46.18532440000001,14.4057115
1215,Medvode,"",Slovenija,46.1413926,14.411347
1234,Mengeš,"",Slovenija,46.16591220000001,14.5719694
8330,Metlika,"",Slovenija,45.6473994,15.3176752
2392,Mežica,"",Slovenija,46.5214145,14.8523952
2204,Miklavž na Dravskem polju,"",Slovenija,46.5082628,15.6952065
2275,Miklavž pri Ormožu,"",Slovenija,46.4583293,16.2140368
5291,Miren,"",Slovenija,45.89537379999999,13.6081681
8233,Mirna,"",Slovenija,45.9513076,15.0624449
8216,Mirna Peč,"",Slovenija,45.8594478,15.0830457
2382,Mislinja,"",Slovenija,46.4439734,15.1985947
4281,Mojstrana,"",Slovenija,46.46130100000001,13.9395387
8230,Mokronog,"",Slovenija,45.9426521,15.1455616
1251,Moravče,"",Slovenija,46.1357218,14.7444352
9226,Moravske Toplice,"",Slovenija,46.6856932,16.2224582
5216,Most na Soči,"",Slovenija,46.1520769,13.7429945
1221,Motnik,"",Slovenija,46.214661,14.8849643
3330,Mozirje,"",Slovenija,46.3392772,14.9599807
9600,Murska Sobota,"Pošta Slovenije d.o.o., PE Murska Sobota",Slovenija,46.6581381,16.1610293
9501,Murska Sobota,Mura,Slovenija,46.6063495,16.1283439
9000,Murska Sobota,"",Slovenija,46.6581381,16.1610293
9001,Murska Sobota,"",Slovenija,46.6424122,16.1546245
2366,Muta,"",Slovenija,46.6097366,15.1629994
4202,Naklo,"",Slovenija,46.2718663,14.3156932
3331,Nazarje,"",Slovenija,46.3179494,14.9470385
1357,Notranje Gorice,"",Slovenija,45.9865292,14.3999988
3203,Nova Cerkev,"",Slovenija,46.3126127,15.2851091
5000,Nova Gorica,"",Slovenija,45.9549755,13.6493044
5001,Nova Gorica,"",Slovenija,45.94234030000001,13.6416626
5600,Nova Gorica,"Pošta Slovenije d.o.o., PE Nova Gorica",Slovenija,45.9549755,13.6493044
8600,Nova mesto,"Pošta Slovenije d.o.o., PE Novo mesto",Slovenija,45.80108240000001,15.1710089
1385,Nova vas,"",Slovenija,45.7727262,14.5064925
8501,Novo mesto,Krka,Slovenija,45.804657399999996,15.1656108
8000,Novo mesto,"",Slovenija,45.80108240000001,15.1710089
8001,Novo mesto,"",Slovenija,45.8279196,15.1862256
6243,Obrov,"",Slovenija,45.5425337,14.0866721
9233,Odranci,"",Slovenija,46.5847279,16.2762351
2317,Oplotnica,"",Slovenija,46.387163,15.4458131
2312,Orehova vas,"",Slovenija,46.4716256,15.6673756
2270,Ormož,"",Slovenija,46.4086282,16.1508154
1316,Ortnek,"",Slovenija,45.7910234,14.6796312
1337,Osilnica,"",Slovenija,45.5291637,14.6984205
8222,Otočec,"",Slovenija,45.8339544,15.220884999999999
2361,Ožbalt,"",Slovenija,46.5838771,15.3918163
2231,Pernica,"",Slovenija,46.5791655,15.7274708
2211,Pesnica pri Mariboru,"",Slovenija,46.6086054,15.6758117
9203,Petrovci,"",Slovenija,46.837284,16.181568
3301,Petrovče,"",Slovenija,46.244167,15.1886787
6330,Piran - Pirano,"",Slovenija,45.528319,13.5682895
8255,Pišece,"",Slovenija,46.0033927,15.645975
6257,Pivka,"",Slovenija,45.6825301,14.1960582
6232,Planina,"",Slovenija,45.8298657,14.2515283
3225,Planina pri Sevnici,"",Slovenija,46.1044793,15.4048498
6276,Pobegi,"",Slovenija,45.5395984,13.7966691
8312,Podbočje,"",Slovenija,45.8632013,15.4662288
5243,Podbrdo,"",Slovenija,46.2145261,13.9739004
3254,Podčetrtek,"",Slovenija,46.1559752,15.5975783
2273,Podgorci,"",Slovenija,46.4266878,16.0579201
6216,Podgorje,"",Slovenija,45.5280217,13.9525003
2381,Podgorje pri Slovenj Gradcu,"",Slovenija,46.46194269999999,15.0456171
6244,Podgrad,"",Slovenija,45.5237146,14.1459577
1414,Podkum,"",Slovenija,46.0700529,15.0341147
2286,Podlehnik,"",Slovenija,46.3358974,15.8787245
5272,Podnanos,"",Slovenija,45.797403,13.9718249
4244,Podnart,"",Slovenija,46.2964282,14.2550262
3241,Podplat,"",Slovenija,46.2452088,15.5748405
3257,Podsreda,"",Slovenija,46.0397136,15.5898169
2363,Podvelka,"",Slovenija,46.5903517,15.3310343
2208,Pohorje,"",Slovenija,46.495575,15.5558639
2257,Polenšak,"",Slovenija,46.4705647,16.000825
1355,Polhov Gradec,"",Slovenija,46.0656056,14.3123503
4223,Poljane nad Škofjo Loko,"",Slovenija,46.1209899,14.1860263
2319,Poljčane,"",Slovenija,46.3141609,15.5784672
1272,Polšnik,"",Slovenija,46.0683886,14.9610422
3313,Polzela,"",Slovenija,46.280897,15.0737321
3232,Ponikva,"",Slovenija,46.2537063,15.4439412
6320,Portorož - Portorose,"",Slovenija,45.5128829,13.6142294
6230,Postojna,"",Slovenija,45.7749704,14.2133245
2331,Pragersko,"",Slovenija,46.3951045,15.659155
3312,Prebold,"",Slovenija,46.2365972,15.091648
4205,Preddvor,"",Slovenija,46.3017155,14.4216753
6255,Prem,"",Slovenija,45.604804,14.1832335
1352,Preserje,"",Slovenija,45.9560556,14.4178663
6258,Prestranek,"",Slovenija,45.730739,14.1828269
2391,Prevalje,"",Slovenija,46.54687879999999,14.9197479
3262,Prevorje,"",Slovenija,46.1258391,15.4772666
1276,Primskovo,"",Slovenija,45.9718331,14.9103879
3253,Pristava pri Mestinju,"",Slovenija,46.1963186,15.595504
9207,Prosenjakovci - Partosfalva,"",Slovenija,46.7400411,16.3127859
5297,Prvačina,"",Slovenija,45.8894686,13.7149448
2250,Ptuj,"",Slovenija,46.4199535,15.8696884
2323,Ptujska Gora,"",Slovenija,46.3545251,15.7603313
9201,Puconci,"",Slovenija,46.7046395,16.1572755
2327,Rače,"",Slovenija,46.4536674,15.6777494
1433,Radeče,"",Slovenija,46.0655001,15.1821191
9502,Radenci,Radenska - Zdravilišče,Slovenija,46.642943,16.045309
9252,Radenci,"",Slovenija,46.6439196,16.0402676
2360,Radlje ob Dravi,"",Slovenija,46.614358,15.2255472
1235,Radomlje,"",Slovenija,46.1735773,14.6113669
4240,Radovljica,"",Slovenija,46.3437361,14.1740042
8274,Raka,"",Slovenija,45.92845620000001,15.3820958
1381,Rakek,"",Slovenija,45.8131644,14.3171319
4283,Rateče - Planica,"",Slovenija,46.4699191,13.7188738
2390,Ravne na Koroškem,"",Slovenija,46.5448323,14.9660445
9246,Razkrižje,"",Slovenija,46.5228452,16.272339
3332,Rečica ob Savinji,"",Slovenija,46.323974,14.9223557
5292,Renče,"",Slovenija,45.88992469999999,13.6699206
1310,Ribnica,"",Slovenija,45.7400303,14.7265782
2364,Ribnica na Pohorju,"",Slovenija,46.5356403,15.267513600000001
3272,Rimske Toplice,"",Slovenija,46.123616,15.194508
1314,Rob,"",Slovenija,45.8481482,14.5714678
5215,Ročinj,"",Slovenija,46.1091275,13.671097
3250,Rogaška Slatina,"",Slovenija,46.2331941,15.6378802
9262,Rogašovci,"",Slovenija,46.8055785,16.0345237
3252,Rogatec,"",Slovenija,46.2258891,15.7000313
1373,Rovte,"",Slovenija,45.9859115,14.1775931
2342,Ruše,"",Slovenija,46.5399962,15.5073987
1282,Sava,"",Slovenija,46.0888742,14.8925402
6333,Sečovlje - Sicciole,"",Slovenija,45.4775248,13.6288608
4227,Selca,"",Slovenija,46.2240772,14.2032791
2352,Selnica ob Dravi,"",Slovenija,46.5513918,15.492941
8333,Semič,"",Slovenija,45.6520534,15.1820701
8281,Senovo,"",Slovenija,46.01937299999999,15.4759099
6224,Senožeče,"",Slovenija,45.7199166,14.038786
8290,Sevnica,"",Slovenija,46.0129508,15.2979868
6210,Sežana,"",Slovenija,45.7093519,13.8738185
2214,Sladki vrh,"",Slovenija,46.6971752,15.7349504
5283,Slap ob Idrijci,"",Slovenija,46.1206652,13.8050933
2380,Slovenj Gradec,"",Slovenija,46.5075851,15.0768162
2310,Slovenska Bistrica,"",Slovenija,46.3919813,15.5727868
3210,Slovenske Konjice,"",Slovenija,46.3369191,15.4214708
1216,Smlednik,"",Slovenija,46.1664535,14.433779
5232,Soča,"",Slovenija,46.3418804,13.6664388
1317,Sodražica,"",Slovenija,45.762125,14.6362158
3335,Solčava,"",Slovenija,46.4200935,14.6917325
5250,Solkan,"",Slovenija,45.9678392,13.6455618
4229,Sorica,"",Slovenija,46.2179914,14.0332093
4225,Sovodenj,"",Slovenija,46.0852808,14.0382822
5281,Spodnja Idrija,"",Slovenija,46.0323931,14.025229
2241,Spodnji Duplek,"",Slovenija,46.5007635,15.7550386
9245,Spodnji Ivanjci,"",Slovenija,46.5934903,15.9811789
2277,Središče ob Dravi,"",Slovenija,46.3959282,16.2704915
4267,Srednja vas v Bohinju,"",Slovenija,46.2970919,13.9260094
8256,Sromlje,"",Slovenija,45.989042,15.5925563
5224,Srpenica,"",Slovenija,46.291327,13.4994
1242,Stahovica,"",Slovenija,46.2699842,14.6062056
1332,Stara Cerkev,"",Slovenija,45.670356,14.8396414
8342,Stari trg ob Kolpi,"",Slovenija,45.49398559999999,15.0770767
1386,Stari trg pri Ložu,"",Slovenija,45.7148779,14.4711249
2205,Starše,"",Slovenija,46.4674331,15.764054699999999
2289,Stoperce,"",Slovenija,46.2848632,15.713765
8322,Stopiče,"",Slovenija,45.7694065,15.209141
3206,Stranice,"",Slovenija,46.363569,15.3656233
8351,Straža,"",Slovenija,45.7830522,15.0738766
1313,Struge,"",Slovenija,45.7958925,14.7701965
8293,Studenec,"",Slovenija,45.9711527,15.3498733
8331,Suhor,"",Slovenija,45.69008400000001,15.277825
2353,Sv. Duh na Ostrem Vrhu,"",Slovenija,46.6145722,15.4609943
2233,Sveta Ana v Slovenskih goricah,"",Slovenija,46.6495066,15.8444122
2235,Sveta Trojica v Slovenskih goricah,"",Slovenija,46.5680809,15.882306400000001
9244,Sveti Jurij ob Ščavnici,"",Slovenija,46.5687452,16.0222528
3264,Sveti Štefan,"",Slovenija,46.1846718,15.4944169
2258,Sveti Tomaž,"",Slovenija,46.4835846,16.0801157
9204,Šalovci,"",Slovenija,46.8235919,16.2881649
5261,Šempas,"",Slovenija,45.92829039999999,13.7436175
5290,Šempeter pri Gorici,"",Slovenija,45.9283576,13.6400285
3311,Šempeter v Savinjski dolini,"",Slovenija,46.256183300000004,15.1179083
4208,Šenčur,"",Slovenija,46.2433699,14.4192223
2212,Šentilj v Slovenskih goricah,"",Slovenija,46.6765778,15.6572278
8297,Šentjanž,"",Slovenija,46.01141699999999,15.168839
2373,Šentjanž pri Dravogradu,"",Slovenija,46.5630301,15.0373384
8310,Šentjernej,"",Slovenija,45.843413,15.3378312
3230,Šentjur,"",Slovenija,46.2157774,15.3945807
3271,Šentrupert,"",Slovenija,46.1672962,15.350495800000001
8232,Šentrupert,"",Slovenija,45.9769612,15.0909889
1296,Šentvid pri Stični,"",Slovenija,45.9536011,14.8386368
8275,Škocjan,"",Slovenija,45.9072257,15.292258
6281,Škofije,"",Slovenija,45.5709895,13.7924181
4220,Škofja Loka,"",Slovenija,46.1671294,14.3058337
3211,Škofja vas,"",Slovenija,46.2691639,15.290257
1291,Škofljica,"",Slovenija,45.98596510000001,14.5721903
6274,Šmarje,"",Slovenija,45.5001555,13.7175489
1293,Šmarje - Sap,"",Slovenija,45.9743953,14.617049
3240,Šmarje pri Jelšah,"",Slovenija,46.2287025,15.5190353
8220,Šmarješke Toplice,"",Slovenija,45.8680377,15.2347422
2315,Šmartno na Pohorju,"",Slovenija,46.4446305,15.5398255
3341,Šmartno ob Dreti,"",Slovenija,46.2836979,14.8890804
3327,Šmartno ob Paki,"",Slovenija,46.32903719999999,15.0333937
1275,Šmartno pri Litiji,"",Slovenija,46.0457437,14.8410058
2383,Šmartno pri Slovenj Gradcu,"",Slovenija,46.4929488,15.1059573
3201,Šmartno v Rožni dolini,"",Slovenija,46.2945833,15.2428556
3325,Šoštanj,"",Slovenija,46.3782836,15.0461378
6222,Štanjel,"",Slovenija,45.8226266,13.8435976
3220,Štore,"",Slovenija,46.2205619,15.3154297
3304,Tabor,"",Slovenija,46.2346683,15.0167331
3221,Teharje,"",Slovenija,46.2290096,15.3023917
9251,Tišina,"",Slovenija,46.6511382,16.0834627
5220,Tolmin,"",Slovenija,46.1951773,13.7274714
3326,Topolšica,"",Slovenija,46.4042511,15.0179406
2371,Trbonje,"",Slovenija,46.6015773,15.1053891
1420,Trbovlje,"",Slovenija,46.1503563,15.0453138
8231,Trebelno,"",Slovenija,45.9120037,15.1502188
8210,Trebnje,"",Slovenija,45.9081708,15.0125985
5252,Trnovo pri Gorici,"",Slovenija,45.9992576,13.7808946
2254,Trnovska vas,"",Slovenija,46.5201168,15.8866431
1222,Trojane,"",Slovenija,46.1884096,14.8839704
1236,Trzin,"",Slovenija,46.1363399,14.5616878
4290,Tržič,"",Slovenija,46.36215170000001,14.3083372
8295,Tržišče,"",Slovenija,45.9579871,15.1936633
1311,Turjak,"",Slovenija,45.878016,14.6098449
9224,Turnišče,"",Slovenija,46.625456,16.3144961
8323,Uršna sela,"",Slovenija,45.7184268,15.1253509
1252,Vače,"",Slovenija,46.119541,14.8379084
3320,Velenje,"",Slovenija,46.3622743,15.1106582
3322,Velenje,"",Slovenija,46.3499902,15.1108877
3503,Velenje,Gorenje,Slovenija,46.3443933,15.0083019
8212,Velika Loka,"",Slovenija,45.93012359999999,14.9675705
2274,Velika Nedelja,"",Slovenija,46.4202494,16.1102813
9225,Velika Polana,"",Slovenija,46.5731715,16.3444126
1315,Velike Lašče,"",Slovenija,45.8336591,14.6362363
8213,Veliki Gaber,"",Slovenija,45.9372687,14.9074252
9241,Veržej,"",Slovenija,46.5832778,16.1640173
1312,Videm - Dobrepolje,"",Slovenija,45.8490426,14.6947037
2284,Videm pri Ptuju,"",Slovenija,46.36984040000001,15.8995273
8344,Vinica,"",Slovenija,45.4614158,15.253571
5271,Vipava,"",Slovenija,45.8455744,13.9625431
4212,Visoko,"",Slovenija,46.27187139999999,14.4176414
1294,Višnja Gora,"",Slovenija,45.9549367,14.7439754
3205,Vitanje,"",Slovenija,46.3815074,15.2950333
2255,Vitomarci,"",Slovenija,46.526163,15.9333359
1217,Vodice,"",Slovenija,46.1896643,14.493854
3212,Vojnik,"",Slovenija,46.2920581,15.302058
5293,Volčja Draga,"",Slovenija,45.9039648,13.6743666
2232,Voličina,"",Slovenija,46.5296582,15.8399799
3305,Vransko,"",Slovenija,46.2444682,14.9511982
6217,Vremski Britof,"",Slovenija,45.6573806,14.028733
1360,Vrhnika,"",Slovenija,45.966583,14.2973873
2365,Vuhred,"",Slovenija,46.595112,15.2356594
2367,Vuzenica,"",Slovenija,46.5980836,15.1657237
8292,Zabukovje,"",Slovenija,46.0605514,15.3687192
1410,Zagorje ob Savi,"",Slovenija,46.1345186,14.9945975
1303,Zagradec,"",Slovenija,45.8601831,14.8340796
2283,Zavrč,"",Slovenija,46.3856393,16.0470768
8272,Zdole,"",Slovenija,45.9762622,15.543974
4201,Zgornja Besnica,"",Slovenija,46.2637773,14.275596
2242,Zgornja Korena,"",Slovenija,46.52812770000001,15.7763973
2201,Zgornja Kungota,"",Slovenija,46.6382085,15.6140586
2316,Zgornja Ložnica,"",Slovenija,46.3890517,15.5143388
2314,Zgornja Polskava,"",Slovenija,46.42618479999999,15.6103382
2213,Zgornja Velka,"",Slovenija,46.68188199999999,15.7629035
4247,Zgornje Gorje,"",Slovenija,46.3789875,14.0683139
4206,Zgornje Jezersko,"",Slovenija,46.39404070000001,14.4979088
2285,Zgornji Leskovec,"",Slovenija,46.3291603,15.9360932
1432,Zidani Most,"",Slovenija,46.0852465,15.1725437
3214,Zreče,"",Slovenija,46.3696591,15.3918526
4209,Žabnica,"",Slovenija,46.196072,14.3314002
3310,Žalec,"",Slovenija,46.251984,15.1650282
4228,Železniki,"",Slovenija,46.22544,14.1692478
2287,Žetale,"",Slovenija,46.2784002,15.8122225
4226,Žiri,"",Slovenija,46.0513094,14.111887
4274,Žirovnica,"",Slovenija,46.4044239,14.1375549
8360,Žužemberk,"",Slovenija,45.830669,14.9298228
